address, tokenId
B62qngHtRemqzpwhrpohji5K1iTknVdHXyWvDyRpXFhjHZ1JF4uaZZC,
B62qk6bVJYmHzQHp8xyKKVsb6MBYEQndeXCRvcRGW2NKqEHjqRb6gyD,
B62qjpQGqG6yeAC5WEMecXuH5rwuRvaKV5Dwn7YbrCvwhYNWrsvtahp,
B62qnsetGdxQrsYnHoaz4U7cyZmuhazbXqEEyd2KjqMvm8cbE6157eL,
B62qrTNMcUSbveDMDe73dykxsrdYYMhJXcUYeZehGkC7RhhFSBxSmSG,
B62qk3NXKdWmj4fKLGWyYsdVqPjBMidXCYuArMGmvcMTHH1XMkxekTV,
B62qjAaCoPkzP1jNW35jF1nN42ubYiZrmA4742RJeVyJ1TJ9iEnACjv,
B62qkcjUvxj7wd685uWam9944UK5heJGxAALskS6jM82rH47gXzcNbH,
B62qmbbA7fKx4kCPpAakAcWELGGrr2jQvr9bJb2oDSGxhk2UzEvKBeX,
B62qqBsxoBP9nLD1qySU1r3YNQ1FvRgoRGxRoyvgXKetsHKK346HmP8,
B62qkNiZggHra4niHEsu3JuXWwvAKAvkr2FUbJUP6UkcgnHwbyVpkVu,
B62qpd4Je7NijTHFBKUFcbK8cCm8DTLds6pESv1HsjF4Prbj2SdT4Ck,
B62qmDThbX4YWaZszYc6X6vdtYAvoPkmz2xpu3emVd8GoUzq3YfgEbz,
B62qjmx5egiWJvQvPod38uxu2UvFwWw7ifT6t7gQki53qsaifdUzj5d,
B62qnj6qsPfvZMmuWEMSZZDihez8scidCveyGrFmZErKwm2CLyFNWEy,
B62qrF5qFNQXBryhWcufCjPeMP6cNx4hW32Hxv6zsKgwFyUvyvGyJao,
B62qnjyFVKH9wMw5zAAhsNLrBztbsHw7sWysmN4wL1yxU6577kCvMYn,
B62qrVWZV7JbZjK4tuBrYgaZZ18zieLuegquBDe8FY9HEUjBWeSEqxr,
B62qjkbZ7UF3ESptWXv4rBp7pV2Bo4MUppDaThBMHT5LWB83hFarWzr,
B62qmUPaSraNfMXqFbt1mHzZCLSLUP9fHRUuGtG5dUr2CznwE5AsAi5,
B62qnjDUztomePj1szt8UQYaaK1bNhE26uo7em2rUurNcRjWomgsqT7,
B62qjJaFcYQQN7bK81UeHQfGyJgtQTJRM1zs6yfna18CqcLBGiEJS9B,
B62qjpAYZoQ7JYF8JNHZWRPKg8QnQdtykdCLewQg9LpKdQeWFQHmvVy,
B62qk9j4km1X9G7QKtR66J2o5Z3UHx6VXEHKLazDkRsRseiw4VNPoc6,
B62qkp1MtAXWpqehybHkkDHJLyu4ah7BAJaW4EKyTuyUc6Y8DFeyN8M,
B62qr4zc8YYf6xfxeYxhF6oUbkA88GxufkHeDJtU6joULpeNkj3TWmB,
B62qnxdQcxd8JHtUTQoyySZ74UcvaST3nvioaqsDFoVCVrieWAHwsEX,
B62qrcHbF7Q1exbiQQSsUDcio4BiF8BZWeAWEfczmKxEiMu1LC71Jc7,
B62qq3k9sbAeNNS5EQtR8dwZvM84Qt9ncZ5kCgQkHK3Gwof7R8x5X2K,
B62qjZGthDeYumXjRcWHPo79LZZeomtJXgNs1LsiB7ttX66UatDgt72,
B62qpPGSf7Q6f9cUCR4o7V48hA5ehxfGQJJAavindCqh9jUUtSvGxrw,
B62qn1RaU8wYGHwoN6VcsBs325Zp6CSUYvVg49huneeGKfGBgPd84is,
B62qkUzLzmhxvJ65QKs7XwsCsJz8euvobSJFMSYLGQp8gBeKj7WpGYy,
B62qmRFTv3bDSW1mXNDjBBxF6CnkkiioaYJZ1KRisTr49ZGtJcxHV9m,
B62qrskWrQEBdEqnNs2QGe3HTrRFsWHssrpz1wm5JzFCPNcZQHz1ihL,
B62qnZGSv2LvezW9KRHsPXABYCYHPJqMd4i2Wes2fQBszh9sfgitrR6,
B62qk7pXECHiNDXqA98r7BxdzG3yELUF3Y7VLgoDxUwn24fLG4TK9zo,
B62qnPokNKkm5Hs8iufezek8Ciu1E56ULv8tH55KLDm4iSp3UYi9UMi,
B62qqiFs3ZkovbEEV5JD7f6L7khX221jKdVegkCc56Pyng7WB87NxS7,
B62qjqDg6agx5HaARkcph6D7D5qLySXU4i3iBqYwDNYhmKJ3qTDLmAv,
B62qmruF2ic3zMcsNPQSiSSFCn67eWobkEbYphvxRGzdLG6zwg5qHhX,
B62qj3mJbsRce86Tm9SqGUYAznjQwuppQo924w1x4h3aUvTuFhAyuHY,
B62qof8KyK8sCNtsCSMBozrfapyS56BHsx1sw2wo8mNE34n2HfKGpF9,
B62qj2pF32J5XKGdkLMybYtLgzH76MGgyWq3hNQaBU4TTEWbXwAD8RJ,
B62qmETb7C2x411jGmQH7gifF7q8VMB433vAjH4QN4h4N6sQhPeBrUg,
B62qkaY3W53EPvWESDRwU5Y4aWmQAqkuqfsT2iVWRDmgda9FvpR2jLi,
B62qrXn5rsB7ngsCqz8ELiaPW9mdYnMc2c1cSKeLzXHdUBVwpxjkCPD,
B62qkBM78ptKE2CRMK7i6tRUqRSifjwr46BWXM2Tu7nduFAr3yEVnKH,
B62qkfkj5wMe7TXFYwPX9AkLVQE4THdmRxjBh1ohFNDUKZtHokis5DR,
B62qnSQZUyrfdTj9C6tejwZK5TjvsJLGE4aypEqn2jQ77NbBZSRu6pg,